Epoch,NakamotoCoefficient,GiniIndex,TotalTokens,TotalVotingPower,AgentCount
1,216,0.8298,193057283.02,148389391.54,9899
2,212,0.8298,190387500.40,128893544.48,9788
3,210,0.8294,187825095.60,117243360.77,9683
4,206,0.8294,185512124.85,109195368.34,9594
5,204,0.8301,184548877.95,103792099.63,9511
6,201,0.8307,183372486.24,99389336.38,9408
7,201,0.8291,178960193.92,94043322.18,9318
8,200,0.8290,177877940.39,91028975.36,9239
9,197,0.8297,176733508.20,88374903.31,9149
10,196,0.8295,174626342.81,85551192.70,9070
11,193,0.8300,173129156.31,83276990.32,8984
12,189,0.8303,171719064.62,81241076.64,8890
13,187,0.8306,170663367.82,79531834.30,8810
14,184,0.8310,169447745.56,77878647.52,8730
15,182,0.8312,168140741.61,76295974.62,8651
16,179,0.8312,166197748.33,74524440.77,8557
17,177,0.8315,164851585.17,73107671.96,8481
18,174,0.8321,163654919.54,71829722.54,8391
19,172,0.8319,161619788.71,70250328.67,8308
20,172,0.8310,158885363.16,68432203.93,8215
21,170,0.8316,158046670.62,67484482.27,8135
22,169,0.8320,157544469.00,66720997.84,8057
23,167,0.8318,155547971.79,65364872.21,7974
24,165,0.8319,154415233.16,64409773.37,7912
25,163,0.8320,152664987.44,63230657.14,7834
26,162,0.8309,149406806.30,61465282.40,7754
27,161,0.8311,147969591.57,60481829.62,7670
28,159,0.8309,145960467.88,59292318.15,7586
29,156,0.8313,144783384.14,58465277.45,7505
30,155,0.8310,143023374.97,57425034.55,7438
31,151,0.8315,141554638.23,56523300.44,7357
32,148,0.8319,140308840.30,55729680.95,7287
33,147,0.8325,139579275.87,55156181.47,7228
34,146,0.8319,137765289.61,54170386.90,7163
35,144,0.8320,136188578.73,53294824.27,7092
36,141,0.8321,134202413.80,52274350.75,7001
37,139,0.8316,131800182.65,51109068.79,6920
38,138,0.8304,128663557.18,49675998.48,6861
39,136,0.8307,127722969.10,49105579.24,6801
40,134,0.8311,126691561.55,48510031.72,6737
41,134,0.8308,125208813.35,47751926.45,6668
42,133,0.8310,124374045.11,47250264.83,6605
43,131,0.8316,123401639.04,46704428.65,6539
44,130,0.8313,121688034.45,45887239.27,6462
45,128,0.8316,120726978.97,45362447.27,6402
46,127,0.8309,118707758.72,44448896.20,6336
47,125,0.8314,117944921.18,44013025.34,6283
48,123,0.8321,116803869.41,43442738.91,6214
49,121,0.8326,115949244.03,42985247.54,6161
50,120,0.8318,114314494.02,42244926.65,6116
51,119,0.8322,113675244.28,41879038.43,6052
52,119,0.8300,110479741.83,40579299.58,5999
53,117,0.8305,109622975.74,40145424.89,5933
54,116,0.8286,106760207.64,38984131.97,5877
55,115,0.8287,105813577.76,38528659.65,5824
56,113,0.8290,104801360.42,38054353.24,5776
57,112,0.8289,103909618.29,37627880.46,5723
58,111,0.8292,103217783.80,37277906.54,5670
59,110,0.8292,102216695.04,36819544.00,5615
60,109,0.8296,101868627.06,36600196.24,5565
61,108,0.8301,101278340.15,36296644.61,5506
62,107,0.8290,99413633.26,35540836.02,5452
63,105,0.8290,98710871.04,35204245.48,5410
64,104,0.8293,98332733.47,34985447.95,5366
65,102,0.8293,96941664.18,34409974.01,5322
66,101,0.8291,96084242.28,34027914.64,5288
67,100,0.8298,95737446.38,33828614.13,5242
68,99,0.8302,95028743.52,33503553.27,5195
69,98,0.8304,94650483.50,33297384.00,5161
70,97,0.8310,94202250.38,33068368.85,5105
71,96,0.8314,93763376.94,32844745.43,5065
72,96,0.8315,93645080.36,32735699.34,5029
73,95,0.8312,92289758.23,32196181.14,4970
74,94,0.8310,91534872.59,31868786.84,4934
75,95,0.8298,90174392.43,31333185.22,4899
76,93,0.8300,89643537.19,31088354.85,4869
77,92,0.8288,87556128.30,30306164.50,4815
78,91,0.8290,86770295.72,29977540.03,4761
79,91,0.8287,85853933.90,29605947.69,4713
80,91,0.8289,85728211.07,29507624.80,4675
81,90,0.8296,85424243.07,29349983.91,4634
82,89,0.8298,84458921.14,28966690.18,4586
83,88,0.8301,83821084.67,28697307.20,4532
84,86,0.8288,81630396.67,27899614.49,4494
85,85,0.8292,81219906.75,27711447.84,4450
86,84,0.8292,80394672.48,27383370.50,4411
87,84,0.8295,79838371.90,27148599.27,4368
88,83,0.8296,79536157.09,27001528.53,4336
89,81,0.8290,78033600.16,26448950.15,4290
90,80,0.8297,77646245.79,26275478.43,4244
91,80,0.8298,77178498.82,26074826.41,4198
92,79,0.8297,76411043.89,25775255.85,4160
93,78,0.8287,74688533.48,25156233.03,4122
94,77,0.8285,73890082.06,24849593.73,4085
95,76,0.8290,73359343.42,24633724.32,4043
96,74,0.8291,72509455.45,24312332.93,4013
97,73,0.8297,72189088.43,24169447.61,3983
98,73,0.8299,71586171.29,23932653.64,3959
99,72,0.8304,71140195.12,23748625.33,3920
100,70,0.8303,69951602.65,23319779.31,3882
101,71,0.8292,69001723.19,22971422.99,3856
102,70,0.8282,67690093.42,22504377.14,3824
103,68,0.8279,66589211.44,22108757.83,3783
104,68,0.8262,65203291.18,21620139.82,3754
105,67,0.8257,64564287.28,21380243.28,3739
106,66,0.8262,64118122.72,21203015.34,3701
107,65,0.8268,63774233.77,21061787.47,3663
108,65,0.8273,63638372.48,20989327.16,3633
109,65,0.8253,62031775.17,20434289.75,3595
110,64,0.8253,61890174.37,20361870.47,3572
111,64,0.8247,61067709.54,20066658.87,3539
112,63,0.8245,60630391.47,19898727.05,3516
113,63,0.8233,59665927.83,19558963.17,3480
114,64,0.8211,58037431.32,19002594.79,3445
115,63,0.8213,57962723.03,18955035.28,3421
116,62,0.8217,57552722.86,18798977.31,3393
117,62,0.8221,57430022.22,18736198.42,3375
118,62,0.8217,56868885.34,18531449.86,3352
119,61,0.8221,56719619.65,18461821.71,3332
120,61,0.8228,56403885.39,18337622.21,3301
121,60,0.8224,55913597.96,18157942.87,3271
122,59,0.8227,55453145.38,17988652.89,3247
123,59,0.8204,54131564.95,17540710.22,3214
124,58,0.8206,53562376.92,17336975.03,3187
125,57,0.8208,53217078.06,17207037.68,3166
126,57,0.8210,53004792.92,17120298.12,3148
127,57,0.8216,52875411.87,17060120.39,3128
128,56,0.8222,52713206.99,16989318.90,3103
129,56,0.8229,52600330.73,16935109.18,3082
130,55,0.8235,52087469.20,16752261.11,3048
131,55,0.8220,51061389.16,16406228.66,3014
132,53,0.8217,49961973.95,16036759.26,2974
133,52,0.8227,49713046.10,15940982.26,2942
134,52,0.8217,48862583.19,15653262.14,2914
135,52,0.8224,48690447.59,15582371.70,2882
136,52,0.8230,48543066.20,15520359.32,2863
137,51,0.8230,48186023.05,15391325.83,2841
138,50,0.8234,47743454.77,15235861.40,2817
139,50,0.8225,46693547.47,14887122.22,2790
140,49,0.8230,46581982.25,14837146.71,2768
141,49,0.8230,46251740.87,14718002.48,2747
142,48,0.8234,46007245.49,14627095.00,2734
143,48,0.8227,45318774.31,14394449.69,2709
144,47,0.8209,44072238.72,13987010.07,2681
145,47,0.8199,43515735.24,13797526.04,2660
146,47,0.8186,42814738.80,13562456.58,2636
147,46,0.8182,42231699.13,13367130.55,2618
148,45,0.8186,41857290.45,13236648.58,2598
149,44,0.8184,41232253.80,13027647.55,2575
150,43,0.8192,41030223.65,12952193.49,2547
151,44,0.8178,40414538.06,12747687.07,2521
152,43,0.8169,39675599.78,12504127.17,2499
153,44,0.8139,38471143.39,12115592.20,2481
154,43,0.8137,38197421.36,12020041.49,2469
155,42,0.8139,37668059.93,11844027.10,2436
156,42,0.8143,37523460.79,11788773.69,2419
157,41,0.8152,37246255.23,11692282.47,2394
158,40,0.8156,36903861.59,11576147.84,2368
159,41,0.8112,35740917.34,11203158.72,2349
160,41,0.8111,35514862.57,11123400.80,2335
161,40,0.8117,35293624.04,11044956.16,2310
162,38,0.8120,34720993.24,10857601.59,2283
163,38,0.8128,34533485.11,10790612.48,2261
164,37,0.8120,34122996.09,10654381.92,2244
165,37,0.8121,33800567.33,10546011.20,2231
166,36,0.8124,33623831.09,10482138.65,2213
167,36,0.8106,32784933.66,10213297.32,2195
168,35,0.8116,32683148.02,10173588.32,2176
169,36,0.8090,31833351.92,9902629.12,2158
170,35,0.8094,31592363.21,9821490.49,2146
171,35,0.8097,31501474.68,9785387.82,2134
172,34,0.8103,31304664.56,9717566.86,2117
173,34,0.8107,31235591.41,9689145.28,2100
174,34,0.8112,31096275.24,9638952.71,2089
175,33,0.8122,30969703.32,9592570.99,2069
176,33,0.8124,30937575.76,9575926.90,2060
177,34,0.8094,30207604.94,9344173.87,2046
178,34,0.8084,29706371.19,9182762.76,2034
179,34,0.8086,29553919.47,9130077.43,2023
180,33,0.8069,28950902.27,8938056.43,2007
181,35,0.8018,27960981.63,8627506.50,1994
182,35,0.8026,27849211.07,8587070.04,1973
183,34,0.8038,27706647.40,8537010.10,1959
184,34,0.8040,27580113.34,8493045.26,1951
185,33,0.8046,27517264.69,8467501.88,1932
186,33,0.8057,27374762.63,8418136.67,1913
187,32,0.8062,27194219.50,8356851.08,1894
188,32,0.8059,26955746.26,8278140.09,1881
189,31,0.8066,26856995.43,8242461.85,1867
190,31,0.8069,26769345.55,8210657.44,1860
191,31,0.8075,26563542.99,8142471.25,1845
192,30,0.8084,26351997.36,8071841.05,1823
193,29,0.8088,26151230.66,8005939.48,1813
194,29,0.8089,26066029.79,7975469.09,1805
195,29,0.8089,26048728.33,7964765.96,1799
196,29,0.8074,25503229.65,7794047.60,1787
197,29,0.8077,25435181.26,7768444.26,1773
198,29,0.8066,25063129.89,7651234.73,1764
199,28,0.8043,24377177.99,7437638.44,1745
200,28,0.8042,24183178.16,7374410.98,1731
201,28,0.8020,23667493.32,7214293.79,1723
202,27,0.8020,23475918.13,7152316.39,1710
203,27,0.8021,23426658.08,7132942.74,1701
204,28,0.7980,22718427.35,6915217.62,1689
205,27,0.7973,22315038.35,6789494.84,1670
206,26,0.7975,22180514.24,6744461.35,1657
207,26,0.7983,22122669.18,6722784.96,1641
208,26,0.7989,22028709.20,6690764.17,1627
209,26,0.7990,22013900.17,6682659.49,1622
210,26,0.7993,21967124.77,6664892.32,1613
211,25,0.8004,21871420.13,6631393.33,1599
212,25,0.8006,21638089.25,6557690.69,1587
213,25,0.8005,21555197.77,6529490.21,1579
214,24,0.8011,21368742.09,6468815.41,1562
215,24,0.8020,21249550.33,6429061.54,1552
216,23,0.8031,21164642.32,6398837.71,1536
217,23,0.8035,21125321.97,6384060.17,1527
218,23,0.8008,20683683.48,6247772.51,1516
219,23,0.8012,20611418.68,6223182.74,1508
220,23,0.8014,20592219.75,6213520.86,1499
221,23,0.7966,19754864.54,5960241.31,1490
222,23,0.7968,19685615.24,5936169.13,1483
223,22,0.7963,19407101.02,5849722.94,1468
224,22,0.7962,19182678.55,5779075.82,1456
225,22,0.7965,19163226.19,5770215.27,1448
226,21,0.7974,18958549.76,5706350.96,1432
227,22,0.7900,18157208.53,5465738.40,1429
228,22,0.7885,17882792.86,5381401.21,1421
229,24,0.7792,17028777.56,5124172.57,1415
230,24,0.7801,16950093.00,5098374.62,1405
231,24,0.7784,16621118.62,4997814.88,1391
232,23,0.7785,16605925.56,4990311.16,1385
233,23,0.7791,16525917.30,4964362.21,1376
234,23,0.7795,16472272.11,4946394.15,1367
235,22,0.7793,16344002.90,4906100.58,1360
236,22,0.7803,16200006.88,4860840.76,1349
237,22,0.7783,15749247.88,4723973.00,1333
238,22,0.7761,15517962.51,4653410.91,1329
239,24,0.7638,14528172.72,4358533.60,1321
240,24,0.7638,14520269.36,4354093.82,1317
241,24,0.7645,14500819.92,4346336.61,1314
242,24,0.7632,14336581.65,4296415.48,1309
243,23,0.7640,14245239.87,4266882.11,1297
244,26,0.7536,13464268.45,4034582.54,1287
245,26,0.7532,13471180.68,4034504.32,1287
246,25,0.7531,13419988.28,4016805.23,1280
247,25,0.7539,13359450.24,3996195.67,1266
248,25,0.7542,13317581.54,3982262.52,1259
249,24,0.7561,13231022.39,3954763.86,1245
250,24,0.7571,13184041.84,3939408.36,1230
251,24,0.7571,13160146.08,3931568.09,1230
252,24,0.7573,13052986.21,3898130.22,1218
253,23,0.7579,13040111.02,3891696.30,1213
254,23,0.7580,12991963.18,3876147.41,1206
255,22,0.7574,12800886.66,3818719.39,1198
256,22,0.7539,12470912.12,3719981.38,1188
257,20,0.7507,12048371.02,3594309.65,1174
258,20,0.7465,11739585.40,3502176.22,1166
259,20,0.7471,11711492.18,3493030.33,1159
260,20,0.7464,11572896.59,3451664.23,1152
261,19,0.7481,11528351.92,3436738.40,1142
262,19,0.7487,11401551.24,3396963.29,1127
263,19,0.7483,11405702.14,3396966.52,1126
264,19,0.7482,11404092.20,3395353.15,1123
265,19,0.7485,11383122.92,3387965.26,1117
266,19,0.7483,11367681.12,3381942.46,1117
267,18,0.7489,11347347.23,3374907.37,1108
268,18,0.7502,11307209.08,3361246.22,1099
269,18,0.7509,11228971.13,3337383.30,1091
270,18,0.7507,11227822.95,3336017.89,1090
271,18,0.7456,10915773.15,3243588.17,1084
272,18,0.7458,10902961.03,3238684.16,1078
273,18,0.7466,10884554.46,3231837.27,1076
274,18,0.7472,10866673.53,3225367.51,1070
275,18,0.7484,10822234.70,3211146.43,1057
276,17,0.7489,10714695.33,3178391.22,1048
277,17,0.7496,10681162.30,3167475.18,1040
278,17,0.7496,10628079.24,3151143.17,1038
279,18,0.7402,10176766.54,3019099.14,1033
280,18,0.7404,10144770.44,3008491.97,1028
281,18,0.7399,10095138.90,2992457.16,1024
282,18,0.7402,10077198.15,2986377.58,1017
283,17,0.7366,9894840.61,2933015.96,1014
284,17,0.7381,9837515.47,2914582.58,1006
285,16,0.7388,9717158.42,2878230.20,996
286,16,0.7393,9697273.63,2871709.73,989
287,16,0.7388,9694502.43,2870725.75,990
288,16,0.7404,9670307.04,2861525.83,982
289,16,0.7404,9650553.10,2854383.00,979
290,16,0.7411,9639341.97,2850337.35,977
291,16,0.7420,9600327.49,2837446.31,973
292,16,0.7419,9588890.09,2833715.66,971
293,16,0.7356,9303925.83,2751149.51,968
294,16,0.7357,9271502.27,2741180.18,964
295,16,0.7351,9281352.68,2743066.50,966
296,16,0.7350,9220597.72,2723845.35,957
297,15,0.7343,9080849.47,2682369.51,946
298,15,0.7339,9084750.46,2683162.48,945
299,15,0.7343,9060265.03,2675313.80,940
300,15,0.7348,9043250.62,2669634.78,935
301,15,0.7362,9000822.09,2655134.97,930
302,14,0.7365,8951844.58,2639208.67,924
303,14,0.7366,8947231.19,2637329.24,920
304,14,0.7368,8940895.97,2634462.22,916
305,14,0.7384,8914207.91,2625605.93,907
306,14,0.7381,8910704.14,2624241.37,906
307,18,0.7124,8046277.62,2375592.93,904
308,18,0.7127,8026242.89,2368701.37,898
309,17,0.7110,7939675.03,2343581.53,897
310,17,0.7108,7902784.65,2332291.84,893
311,17,0.7111,7894712.72,2329798.46,888
312,17,0.7124,7869043.63,2321543.73,877
313,17,0.7122,7851119.31,2316403.40,874
314,17,0.7116,7857497.05,2317147.31,873
315,16,0.7131,7810552.70,2302546.91,861
316,16,0.7118,7734195.37,2280186.05,855
317,16,0.7135,7704115.56,2270174.53,848
318,16,0.7140,7665321.25,2257780.01,842
319,15,0.7120,7560127.48,2227047.28,838
320,15,0.7120,7555073.48,2225674.26,837
321,16,0.7014,7155084.31,2110508.42,827
322,16,0.7020,7151478.35,2108420.81,827
323,15,0.7038,7102253.05,2093160.78,820
324,15,0.7048,7072622.09,2083940.05,817
325,15,0.7050,7066068.99,2081629.30,812
326,15,0.7061,7049013.34,2075981.24,811
327,15,0.7084,7011157.93,2063468.63,804
328,15,0.7092,6992874.64,2057748.01,797
329,14,0.7038,6772299.78,1994799.10,791
330,14,0.7042,6749383.80,1987625.13,790
331,14,0.7044,6744106.57,1985239.74,784
332,14,0.7035,6707741.34,1974407.20,781
333,14,0.7031,6709214.32,1974816.09,781
334,14,0.7034,6685761.55,1966605.97,776
335,13,0.7042,6654711.41,1957781.03,770
336,13,0.7036,6660207.73,1958612.53,769
337,13,0.7031,6663212.31,1959711.61,769
338,13,0.6973,6502528.39,1912986.40,766
339,13,0.6968,6495489.50,1911209.44,766
340,13,0.6944,6417887.02,1889204.52,763
341,13,0.6961,6389232.65,1879782.38,759
342,13,0.6949,6378000.44,1876937.47,760
343,20,0.6417,5371736.92,1592583.09,759
344,20,0.6420,5351795.43,1586418.43,755
345,20,0.6418,5345289.70,1583784.84,753
346,20,0.6408,5347970.19,1584767.02,755
347,20,0.6403,5353060.15,1585911.41,755
348,20,0.6352,5219694.95,1547905.57,749
349,21,0.6264,5066167.59,1504111.50,745
350,21,0.6262,5065295.09,1504330.76,744
351,21,0.6256,5066105.88,1504958.20,745
352,21,0.6241,5080658.55,1509399.18,749
353,21,0.6232,5057443.08,1502944.79,748
354,21,0.6236,5040625.64,1498388.49,745
355,20,0.6247,5019172.63,1491303.29,739
356,20,0.6267,4994009.90,1483748.90,735
357,20,0.6262,4986492.87,1481906.58,734
358,20,0.6266,4971160.33,1477795.55,731
359,20,0.6258,4981035.29,1480880.12,732
360,20,0.6255,4984705.24,1481337.94,730
361,20,0.6247,4988414.43,1482715.13,731
362,19,0.6240,4915042.93,1461573.72,722
363,19,0.6231,4915536.83,1461014.17,722
364,19,0.6228,4917951.97,1461248.24,721
365,19,0.6242,4890609.13,1453327.15,719
366,20,0.6176,4782203.65,1422634.06,715
367,19,0.6175,4749514.44,1412775.16,709
368,19,0.6164,4758475.16,1415719.89,711
369,22,0.6034,4581846.76,1366221.85,709
370,23,0.5979,4524036.92,1349517.65,710
371,22,0.5985,4499478.26,1342352.56,705
372,22,0.5992,4488466.35,1339025.52,701
373,31,0.5700,4138516.76,1240830.81,697
374,35,0.5600,4005903.06,1203579.65,697
375,34,0.5622,3979497.83,1196031.01,694
376,33,0.5631,3968196.77,1191404.45,687
377,33,0.5638,3956806.60,1187929.13,682
378,33,0.5615,3919479.21,1177294.84,678
379,33,0.5606,3920246.67,1177986.43,679
380,33,0.5600,3922770.77,1178489.80,679
381,33,0.5594,3900322.89,1172134.85,675
382,33,0.5591,3903759.47,1173183.96,674
383,32,0.5597,3898377.37,1170603.82,669
384,33,0.5572,3875114.91,1163523.18,669
385,32,0.5597,3848101.88,1155048.27,664
386,32,0.5591,3854001.32,1157132.55,665
387,32,0.5583,3839925.98,1153480.67,664
388,31,0.5585,3829448.07,1150900.81,662
389,32,0.5572,3840983.06,1154571.96,665
390,31,0.5597,3824144.37,1149689.76,663
391,30,0.5606,3801295.13,1142477.61,662
392,31,0.5580,3758267.14,1129970.42,657
393,31,0.5583,3756496.84,1129264.37,654
394,31,0.5559,3746133.83,1126925.52,655
395,31,0.5568,3734116.28,1122985.22,649
396,34,0.5470,3620026.53,1091104.85,645
397,34,0.5468,3621678.35,1092118.60,645
398,34,0.5469,3621330.44,1091054.97,642
399,34,0.5458,3629298.76,1093276.20,643
400,34,0.5459,3628622.84,1093587.07,642
401,40,0.5305,3483496.76,1054284.04,641
402,40,0.5307,3475641.96,1051871.69,638
403,39,0.5310,3472967.41,1049767.66,635
404,38,0.5323,3448313.48,1043235.45,629
405,37,0.5334,3426066.42,1036981.08,629
406,37,0.5337,3421222.74,1035776.11,627
407,36,0.5359,3406071.23,1030769.79,625
408,36,0.5356,3411030.35,1032612.06,624
409,36,0.5348,3410699.13,1032048.47,623
410,36,0.5343,3417450.09,1033773.40,623
411,36,0.5346,3415724.85,1033530.06,621
412,35,0.5376,3396850.13,1026919.33,616
413,34,0.5386,3356261.73,1015153.26,608
414,34,0.5384,3355921.47,1015906.83,607
415,34,0.5369,3344955.79,1012433.67,605
416,34,0.5358,3352938.66,1013961.39,605
417,34,0.5353,3353275.98,1014310.17,605
418,34,0.5359,3349971.62,1012846.64,601
419,34,0.5362,3348095.33,1011993.55,597
420,32,0.5388,3308817.93,1000148.72,592
421,32,0.5380,3308526.56,1000641.13,593
422,40,0.5203,3156506.97,958568.03,589
423,41,0.5202,3158895.41,959733.07,588
424,41,0.5195,3163178.64,961208.07,587
425,45,0.5116,3101869.24,944963.14,587
426,45,0.5103,3109552.10,947396.41,589
427,44,0.5130,3095999.71,942829.87,587
428,43,0.5139,3088645.30,939986.98,583
429,44,0.5123,3066273.02,934244.53,581
430,44,0.5116,3071284.76,935610.82,581
431,44,0.5104,3077340.45,937117.22,582
432,45,0.5103,3080817.22,938211.76,581
433,48,0.5049,3043254.87,927893.93,580
434,48,0.5047,3046129.50,929122.57,580
435,48,0.5061,3043092.05,927669.10,581
436,49,0.5044,3056341.86,932316.25,585
437,49,0.5037,3058836.76,933343.23,585
438,48,0.5050,3050701.91,930596.65,580
439,49,0.5034,3060975.83,933472.31,582
440,50,0.5018,3073038.06,937578.55,586
441,49,0.5044,3063911.85,934327.62,585
442,49,0.5046,3059788.52,932465.32,583
443,51,0.5016,3042256.59,928338.25,584
444,51,0.5012,3046225.44,929506.09,584
445,52,0.5005,3053816.86,932149.15,585
446,51,0.5026,3046797.91,929604.18,585
447,51,0.5020,3047885.44,930023.94,585
448,50,0.5040,3006825.17,918932.63,582
449,49,0.5045,3005473.19,917747.72,580
450,49,0.5067,2996440.44,914810.79,580
451,63,0.4829,2824751.49,867307.96,577
452,65,0.4818,2785235.08,855946.62,576
453,66,0.4808,2795849.98,859256.54,578
454,66,0.4805,2798649.17,860089.75,578
455,65,0.4812,2790257.40,857764.28,575
456,66,0.4804,2798256.22,861031.26,577
457,65,0.4808,2793395.75,860493.48,576
458,70,0.4744,2718301.49,839568.13,574
459,70,0.4743,2718703.27,839522.08,573
460,69,0.4748,2715287.51,838239.16,570
461,69,0.4749,2713177.87,836929.25,567
462,70,0.4737,2724446.65,840392.67,569
463,71,0.4724,2736772.56,844636.07,572
464,73,0.4707,2736286.32,844813.27,573
465,74,0.4695,2744740.02,846739.78,574
466,74,0.4684,2753298.37,849069.12,576
467,74,0.4688,2750174.53,848047.69,574
468,74,0.4689,2753597.12,849395.70,574
469,74,0.4682,2759286.97,850754.57,574
470,73,0.4695,2752023.33,848484.63,571
471,74,0.4688,2756291.37,850703.61,573
472,75,0.4675,2767709.12,854158.29,576
473,75,0.4677,2767131.59,854661.64,575
474,75,0.4672,2762829.25,853782.78,574
475,77,0.4657,2771378.69,856592.31,577
476,75,0.4685,2756022.93,851171.42,575
477,75,0.4685,2757697.00,851561.13,574
478,75,0.4681,2761338.08,852357.81,574
479,165,0.2952,1998001.77,645381.25,574
480,165,0.2973,1996857.56,644492.88,575
481,165,0.2975,1995641.89,644575.23,575
482,162,0.3006,1984465.00,639763.64,571
483,161,0.2998,1958003.77,632048.87,565
484,161,0.2997,1963999.10,634221.23,566
485,161,0.3016,1958986.10,632877.97,568
486,159,0.3042,1941513.17,627506.81,566
487,160,0.3034,1948210.57,629765.87,568
488,171,0.2777,1861109.79,606913.68,568
489,170,0.2774,1855255.36,604077.30,563
490,170,0.2770,1857719.21,604485.16,563
491,170,0.2764,1853680.24,604207.74,563
492,171,0.2748,1844535.70,602194.47,562
493,170,0.2754,1836878.44,599796.33,559
494,169,0.2745,1820476.11,595441.32,555
495,170,0.2722,1817638.34,595319.31,556
496,170,0.2721,1814909.98,594534.99,555
497,170,0.2703,1806308.85,592262.82,554
498,170,0.2697,1801496.01,591496.14,553
499,170,0.2668,1778471.12,585208.05,549
500,171,0.2668,1788183.46,588375.09,551
501,170,0.2667,1784682.33,586883.12,548
502,170,0.2663,1784155.39,587614.39,548
503,170,0.2675,1781438.83,586500.60,549
504,169,0.2697,1769897.10,582173.92,547
505,169,0.2688,1773169.65,582644.48,546
506,168,0.2707,1767845.44,580599.45,547
507,168,0.2707,1772702.68,582580.99,547
508,167,0.2708,1774182.85,582846.90,545
509,167,0.2692,1765469.00,579953.29,541
510,167,0.2677,1762550.89,579008.42,539
511,166,0.2678,1756253.02,576771.56,536
512,166,0.2692,1757123.73,576521.94,539
513,166,0.2683,1756023.12,576901.60,539
514,170,0.2604,1739785.95,572171.10,540
515,169,0.2602,1732285.25,570212.70,538
516,170,0.2598,1737758.86,572429.93,540
517,172,0.2534,1712924.99,565970.08,538
518,170,0.2539,1703354.19,563071.70,535
519,171,0.2532,1705751.20,564345.50,536
520,170,0.2549,1697221.17,561101.71,536
521,170,0.2556,1697838.86,561370.83,535
522,169,0.2555,1691054.27,559014.14,532
523,169,0.2550,1695214.24,561191.00,534
524,167,0.2582,1678994.18,555692.69,530
525,167,0.2577,1683770.82,556938.52,529
526,167,0.2570,1687883.26,558267.66,530
527,167,0.2573,1687015.26,558316.05,528
528,166,0.2576,1690204.43,559301.35,527
529,166,0.2573,1680198.29,556844.25,524
530,169,0.2508,1653101.98,549180.74,526
531,169,0.2501,1655720.24,550101.84,527
532,168,0.2521,1650473.67,547413.90,526
533,167,0.2534,1648021.29,547243.57,524
534,166,0.2554,1646735.89,546474.49,525
535,168,0.2542,1654510.80,548862.01,527
536,167,0.2542,1657779.28,549034.88,526
537,166,0.2549,1641846.70,544877.83,522
538,164,0.2569,1626571.02,539825.35,520
539,164,0.2570,1631202.54,541021.20,520
540,163,0.2591,1617446.58,536427.61,519
541,165,0.2582,1632095.11,541568.08,523
542,165,0.2603,1633720.82,541674.66,525
543,163,0.2607,1608250.67,533720.19,521
544,164,0.2589,1609677.45,534152.28,521
545,163,0.2611,1600136.36,530940.56,519
546,162,0.2611,1582516.73,525423.11,517
547,163,0.2594,1573515.61,523673.18,516
548,162,0.2580,1564691.02,521257.85,513
549,163,0.2568,1569031.72,522615.42,513
550,163,0.2558,1571998.66,523716.73,513
551,165,0.2519,1560335.53,521288.92,513
552,165,0.2531,1561449.83,521536.41,516
553,165,0.2524,1571228.87,524635.32,517
554,163,0.2529,1561526.22,521546.39,512
555,164,0.2526,1564538.58,522924.24,512
556,165,0.2534,1568084.25,523710.04,516
557,166,0.2516,1577256.90,527655.20,520
558,168,0.2502,1578284.01,529338.83,522
559,166,0.2520,1567258.01,524698.96,520
560,165,0.2521,1563108.33,523560.22,517
561,166,0.2513,1567942.15,525272.19,518
562,165,0.2509,1565380.60,524190.60,516
563,165,0.2510,1569071.22,525697.20,516
564,166,0.2494,1570063.75,526018.61,517
565,167,0.2485,1575823.85,527578.85,517
566,167,0.2483,1583986.28,530716.01,519
567,174,0.2266,1521982.88,514387.33,516
568,175,0.2282,1523287.04,514744.21,519
569,176,0.2269,1532984.52,517740.49,522
570,176,0.2290,1528153.61,515913.24,523
571,176,0.2286,1530127.43,516378.44,523
572,175,0.2307,1524565.46,514563.63,524
573,175,0.2302,1525376.76,515221.79,524
574,175,0.2300,1526732.01,515544.21,523
575,178,0.2253,1525201.93,516362.97,526
576,179,0.2245,1538589.65,520928.72,529
577,179,0.2256,1532778.86,519156.16,531
578,178,0.2255,1530688.84,517551.27,527
579,176,0.2260,1511216.83,511775.47,520
580,174,0.2266,1510435.70,511229.86,517
581,174,0.2272,1502253.67,508102.58,518
582,173,0.2276,1498830.91,506995.07,515
583,173,0.2294,1497657.12,506634.21,517
584,173,0.2301,1481007.22,501727.64,516
585,173,0.2282,1477112.08,501039.37,515
586,173,0.2280,1484206.56,503098.10,515
587,174,0.2268,1494489.99,506345.43,517
588,175,0.2264,1499938.93,507916.44,517
589,175,0.2259,1506658.32,510306.59,518
590,175,0.2251,1508823.10,511168.54,518
591,174,0.2251,1510263.32,511510.28,516
592,173,0.2275,1502412.32,508525.90,514
593,174,0.2262,1514419.41,512448.72,517
594,176,0.2251,1527788.62,516883.76,520
595,176,0.2244,1520042.84,514623.86,518
596,176,0.2247,1531312.88,519173.84,521
597,177,0.2249,1526779.04,517249.17,523
598,178,0.2226,1520620.70,516562.52,523
599,179,0.2218,1535675.81,521584.78,527
600,180,0.2213,1539202.25,522810.73,527
601,178,0.2219,1533253.74,520474.43,523
602,179,0.2208,1536656.45,521591.03,523
603,179,0.2169,1520433.94,516780.76,520
604,180,0.2166,1529692.97,519804.46,522
605,180,0.2186,1535097.96,521681.78,526
606,181,0.2175,1538436.49,522859.58,527
607,182,0.2163,1547246.14,525445.70,529
608,183,0.2174,1551495.54,526132.00,533
609,182,0.2186,1554840.64,526608.89,531
610,182,0.2180,1555413.92,526335.67,530
611,181,0.2186,1548885.22,524612.72,527
612,181,0.2205,1547211.79,523666.55,529
613,181,0.2203,1551376.24,525402.13,529
614,180,0.2204,1551246.04,525496.20,528
615,181,0.2205,1557570.77,527226.82,528
616,180,0.2207,1558891.57,528477.73,528
617,180,0.2199,1554329.54,526527.85,525
618,180,0.2195,1557097.19,528141.57,526
619,181,0.2187,1561077.01,529663.52,527
620,182,0.2166,1552792.62,527604.81,526
621,182,0.2164,1560889.51,529690.09,527
622,183,0.2157,1564348.30,531098.78,528
623,183,0.2115,1545387.20,526475.03,526
624,182,0.2125,1526043.75,519486.23,522
625,183,0.2126,1537776.52,524028.49,525
626,182,0.2127,1534477.68,523012.39,523
627,193,0.1798,1448894.53,500407.49,521
628,193,0.1795,1448388.34,500171.35,520
629,192,0.1794,1454137.14,501491.09,519
630,192,0.1808,1452350.77,500646.29,521
631,194,0.1796,1459824.52,503289.08,524
632,194,0.1791,1458321.04,502739.24,523
633,194,0.1789,1463395.75,503066.44,523
634,194,0.1797,1469238.08,505327.93,524
635,195,0.1758,1457307.33,502620.98,523
636,194,0.1763,1453225.65,501192.07,521
637,194,0.1758,1454463.37,502584.95,522
638,193,0.1762,1450074.61,500310.87,518
639,194,0.1731,1445210.97,499930.26,519
640,193,0.1749,1435976.29,496253.69,518
641,194,0.1751,1444749.04,499438.48,520
642,194,0.1755,1454399.93,502713.35,522
643,195,0.1750,1461218.66,504684.20,524
644,194,0.1758,1453175.99,502353.15,521
645,194,0.1761,1465433.43,506614.34,523
646,195,0.1755,1466813.65,507159.29,523
647,196,0.1749,1470162.11,508341.09,524
648,196,0.1753,1476611.85,510598.21,525
649,195,0.1772,1471160.41,507886.38,525
650,195,0.1767,1476247.51,509608.31,525
651,196,0.1771,1467355.99,506648.19,526
652,194,0.1774,1465614.49,505329.11,522
653,195,0.1776,1476685.16,509294.45,525
654,196,0.1772,1482468.03,510985.40,526
655,195,0.1768,1476960.22,509735.77,525
656,195,0.1787,1467422.43,506456.80,525
657,196,0.1799,1467620.69,505809.26,528
658,195,0.1826,1464535.28,504636.92,529
659,194,0.1852,1460170.25,503029.01,530
660,193,0.1856,1461002.90,502298.05,527
661,193,0.1868,1454334.16,499940.23,528
662,191,0.1891,1446225.37,496394.94,527
663,192,0.1895,1450884.57,498644.18,528
664,192,0.1881,1450736.00,499459.35,529
665,194,0.1868,1452586.25,500170.31,530
666,193,0.1864,1448057.73,498896.87,529
667,193,0.1860,1444079.18,498007.41,528
668,193,0.1865,1448231.80,499517.47,528
669,192,0.1866,1451621.00,500499.67,527
670,192,0.1887,1444466.28,498438.86,528
671,192,0.1882,1447636.67,498900.05,527
672,193,0.1877,1456296.17,502212.79,530
673,194,0.1892,1458728.48,502439.86,533
674,195,0.1887,1472053.03,506883.15,537
675,196,0.1890,1482533.82,510781.82,540
676,195,0.1895,1472476.89,507129.99,539
677,195,0.1886,1459876.39,503803.80,536
678,193,0.1882,1455222.13,501217.58,531
679,192,0.1885,1452186.84,500029.85,528
680,191,0.1889,1451922.01,499476.28,525
681,190,0.1888,1448152.84,498346.83,523
682,191,0.1884,1457117.69,501295.82,525
683,192,0.1877,1471860.71,506298.80,529
684,192,0.1897,1469166.19,505123.43,530
685,193,0.1889,1472188.14,506785.95,531
686,194,0.1883,1481022.12,509926.77,533
687,194,0.1873,1479300.87,509228.55,532
688,194,0.1871,1483011.48,510451.20,533
689,195,0.1868,1489388.06,512468.14,535
690,195,0.1866,1492013.63,513807.11,536
691,196,0.1861,1500771.91,516413.72,537
692,196,0.1873,1497655.63,515341.60,540
693,197,0.1877,1506790.61,518444.21,542
694,197,0.1897,1510186.79,519444.42,546
695,198,0.1892,1512870.29,519830.50,546
696,198,0.1887,1514714.39,520465.45,545
697,197,0.1883,1513806.49,519662.31,543
698,196,0.1882,1507055.31,517713.65,540
699,195,0.1904,1506911.35,517575.65,542
700,197,0.1883,1511564.14,519475.83,544
701,195,0.1903,1499361.38,514865.42,541
702,196,0.1897,1505292.51,516083.25,541
703,195,0.1889,1499879.93,514195.36,538
704,196,0.1893,1511879.10,518773.97,541
705,194,0.1907,1497000.21,513640.53,539
706,195,0.1896,1495004.10,512977.63,538
707,196,0.1888,1505983.03,515957.90,540
708,193,0.1917,1493247.00,511141.41,537
709,194,0.1912,1502043.74,514041.81,539
710,194,0.1905,1496119.74,512644.43,537
711,194,0.1903,1505772.63,515806.78,539
712,193,0.1907,1501424.41,514389.18,536
713,192,0.1901,1492226.92,512079.33,533
714,193,0.1884,1492079.27,512042.00,533
715,191,0.1910,1484733.78,508438.56,532
716,192,0.1894,1479050.72,507186.79,531
717,191,0.1898,1483412.94,508229.00,530
718,191,0.1899,1480211.34,507977.80,529
719,192,0.1887,1481311.66,508667.95,530
720,192,0.1907,1486149.44,510314.89,534
721,191,0.1904,1482184.34,508663.17,531
722,192,0.1901,1490188.36,510956.93,531
723,192,0.1902,1496009.76,512723.70,532
724,192,0.1888,1488767.70,510780.21,531
725,192,0.1878,1486525.11,510396.82,530
726,191,0.1880,1490004.68,510893.55,528
727,191,0.1876,1501100.31,514112.77,529
728,192,0.1885,1498398.48,512915.22,531
729,191,0.1903,1497103.60,512190.02,532
730,192,0.1907,1504144.88,514602.31,533
731,191,0.1896,1498194.42,512924.13,531
732,192,0.1884,1490959.30,510411.18,529
733,192,0.1888,1500066.41,513538.10,531
734,192,0.1890,1505935.02,515184.18,531
735,190,0.1893,1503328.54,513615.50,528
736,190,0.1892,1504033.60,514206.95,528
737,191,0.1888,1511517.56,516365.00,529
738,191,0.1891,1514327.95,518046.93,530
739,192,0.1881,1518275.82,518602.39,530
740,191,0.1877,1518682.91,518041.46,529
741,190,0.1905,1515850.94,516684.30,529
742,191,0.1897,1515158.07,516482.42,529
743,191,0.1888,1513705.85,517377.65,530
744,192,0.1892,1522871.25,520997.20,532
745,193,0.1881,1527989.74,522929.76,534
746,193,0.1880,1526651.74,522419.30,533
747,193,0.1895,1522357.64,520374.07,534
748,193,0.1898,1527730.59,522369.25,535
749,192,0.1903,1528596.99,522829.30,534
750,192,0.1914,1523203.97,520366.07,535
751,192,0.1919,1524804.06,521599.43,535
752,188,0.1931,1496514.54,512797.92,525
753,188,0.1928,1501666.28,514145.84,525
754,188,0.1921,1501400.10,514106.01,524
755,188,0.1920,1505816.45,515337.82,524
756,188,0.1921,1510779.54,517045.07,524
757,188,0.1894,1487236.63,510761.55,520
758,188,0.1884,1478784.33,508643.61,519
759,188,0.1870,1478630.46,508608.54,519
760,187,0.1878,1479025.24,508509.74,518
761,186,0.1883,1480862.45,508261.39,516
762,185,0.1905,1472751.75,505246.19,516
763,184,0.1915,1472764.88,505645.62,514
764,186,0.1910,1483020.04,509186.05,517
765,186,0.1909,1489571.04,510893.45,517
766,186,0.1909,1496727.71,513177.49,518
767,187,0.1910,1507781.23,516898.44,520
768,187,0.1912,1507376.80,516475.36,519
769,184,0.1912,1484559.30,509599.53,512
770,184,0.1906,1483581.28,509548.70,512
771,183,0.1906,1467311.58,504618.36,507
772,184,0.1858,1448414.52,499665.91,506
773,185,0.1855,1458654.37,502524.42,508
774,185,0.1859,1460361.11,503016.16,507
775,183,0.1860,1453892.50,500348.06,503
776,183,0.1849,1453410.38,500053.96,502
777,183,0.1848,1451640.45,499976.32,502
778,183,0.1856,1458476.11,502346.33,503
779,183,0.1857,1463534.13,503570.88,503
780,184,0.1855,1472596.56,505895.54,504
781,183,0.1876,1467643.83,503697.31,504
782,182,0.1906,1464882.18,502804.53,505
783,181,0.1915,1466543.62,503200.05,503
784,182,0.1891,1455234.45,500092.63,501
785,182,0.1881,1454806.25,500100.80,501
786,182,0.1887,1453342.85,499835.56,500
787,180,0.1906,1448905.61,497399.17,499
788,179,0.1914,1448343.53,497369.36,497
789,180,0.1904,1446059.54,496515.42,496
790,180,0.1905,1453946.39,499287.27,498
791,180,0.1928,1456727.82,500051.13,501
792,180,0.1928,1454020.13,499282.15,500
793,181,0.1929,1462402.56,501909.32,502
794,182,0.1909,1456523.13,500566.46,502
795,179,0.1942,1443183.66,494842.06,499
796,179,0.1946,1450384.97,497079.01,499
797,178,0.1954,1451177.80,497007.89,497
798,179,0.1949,1454169.37,497942.40,498
799,179,0.1953,1462091.39,500600.90,499
800,178,0.1953,1460474.86,499723.08,498
801,179,0.1937,1453059.69,498267.01,498
802,179,0.1940,1455670.49,499341.85,498
803,178,0.1946,1455968.71,499141.16,496
804,179,0.1937,1457591.25,499884.07,497
805,178,0.1943,1457408.62,499959.98,496
806,178,0.1947,1465493.62,502648.22,497
807,179,0.1947,1468357.47,503968.15,498
808,178,0.1950,1472549.86,504886.65,497
809,179,0.1929,1470687.59,504246.76,497
810,180,0.1927,1480082.94,507624.48,499
811,178,0.1907,1448324.70,499038.54,493
812,180,0.1893,1456499.60,501757.27,496
813,181,0.1882,1457304.77,502787.10,497
814,181,0.1898,1457577.49,502201.59,499
815,181,0.1892,1462066.71,503481.43,500
816,182,0.1894,1474455.67,507678.57,503
817,180,0.1922,1457908.40,501612.27,499
818,179,0.1937,1453188.16,498986.18,499
819,181,0.1939,1467964.49,503661.44,503
820,181,0.1936,1471846.77,505185.61,504
821,181,0.1941,1477228.09,507069.76,505
822,182,0.1942,1491332.85,511988.79,509
823,184,0.1941,1504574.50,516508.31,513
824,184,0.1955,1493573.35,513370.25,514
825,185,0.1948,1502185.13,516028.52,517
826,186,0.1951,1511878.45,518915.51,519
827,184,0.1966,1504697.08,516696.88,516
828,183,0.1968,1500215.10,515041.75,514
829,183,0.1969,1504930.90,516730.30,515
830,184,0.1974,1511300.15,518798.10,516
831,185,0.1972,1525807.55,523690.47,520
832,186,0.1971,1536624.00,526683.33,523
833,187,0.1975,1547593.47,530051.53,525
834,186,0.1979,1554063.90,532308.68,525
835,187,0.1967,1555046.39,532876.09,526
836,188,0.1964,1559581.42,534385.70,527
837,189,0.1958,1562083.66,535421.34,528
838,190,0.1959,1571884.66,538990.90,531
839,191,0.1954,1578160.52,541686.49,533
840,190,0.1949,1572551.98,539313.49,530
841,190,0.1947,1574228.03,539276.45,529
842,189,0.1953,1572902.64,539076.88,528
843,189,0.1944,1572815.74,538713.31,527
844,190,0.1945,1582740.05,541857.41,529
845,189,0.1951,1581428.94,541571.77,527
846,188,0.1954,1579791.88,540663.50,526
847,188,0.1950,1582239.96,541426.28,526
848,188,0.1967,1573239.55,537935.80,526
849,188,0.1968,1575939.18,539006.06,527
850,186,0.1977,1554099.34,531017.77,521
851,186,0.1962,1552838.24,530575.18,520
852,188,0.1960,1566422.86,535070.93,524
853,187,0.1966,1568327.67,535723.96,523
854,187,0.1963,1572080.86,536381.67,522
855,186,0.1987,1562748.03,532816.17,522
856,185,0.2008,1556454.74,529983.53,522
857,185,0.2010,1563596.55,532546.32,524
858,186,0.2007,1564457.47,533107.21,524
859,184,0.2024,1549258.70,527182.09,522
860,185,0.2012,1542841.87,525633.14,522
861,185,0.2015,1544631.21,526539.54,523
862,185,0.2019,1550393.84,528119.37,524
863,184,0.2044,1546096.46,526252.01,524
864,185,0.2042,1553933.56,528558.84,525
865,184,0.2044,1556740.12,529378.21,524
866,185,0.2039,1559041.47,530694.58,525
867,184,0.2045,1555981.77,529378.11,522
868,182,0.2034,1541789.34,524702.30,515
869,181,0.2028,1524967.14,520107.73,511
870,180,0.2027,1520642.63,518432.16,509
871,179,0.2023,1509780.88,515520.68,506
872,179,0.2015,1509965.10,515259.14,505
873,177,0.2013,1500158.73,511385.91,500
874,177,0.2034,1500675.57,511047.43,502
875,177,0.2028,1503151.05,512602.37,503
876,176,0.2029,1495132.17,510101.63,499
877,178,0.1996,1487235.63,508855.27,500
878,178,0.1988,1490814.54,510062.25,501
879,178,0.1992,1499250.69,512783.90,502
880,179,0.1992,1507647.28,515503.29,504
881,180,0.1994,1520347.45,519877.52,507
882,179,0.1994,1516229.40,518660.21,505
883,179,0.1981,1509130.92,516088.64,503
884,179,0.1973,1499643.26,514037.35,502
885,178,0.1971,1488043.56,509922.84,498
886,178,0.1969,1492290.19,511965.16,500
887,178,0.1971,1497877.87,513166.85,500
888,178,0.1973,1502719.84,515038.33,501
889,178,0.1978,1484333.19,509647.03,500
890,178,0.1976,1494101.91,512676.62,502
891,180,0.1973,1504296.33,516279.25,505
892,179,0.1980,1504343.16,516522.14,504
893,179,0.1976,1508819.49,517571.86,504
894,179,0.1975,1511571.28,518303.37,504
895,178,0.1981,1516361.73,519532.40,503
896,178,0.2002,1510062.00,516711.93,503
897,177,0.1999,1505170.74,515564.98,502
898,177,0.1999,1503307.27,514631.68,501
899,176,0.2024,1500609.33,513259.77,502
900,175,0.2024,1493953.60,511676.23,500
901,175,0.2028,1501150.52,514140.12,500
902,178,0.1959,1484847.23,510240.10,500
903,178,0.1958,1489599.53,511604.26,500
904,178,0.1959,1497253.19,514311.95,501
905,179,0.1934,1495067.66,513862.47,501
906,179,0.1931,1497378.09,514250.24,501
907,178,0.1928,1497264.37,513311.42,499
908,176,0.1942,1490169.69,511409.58,496
909,176,0.1940,1490125.68,510989.43,495
910,176,0.1941,1492295.09,510936.91,493
911,176,0.1931,1491367.72,511471.44,494
912,175,0.1960,1489154.52,510110.62,495
913,175,0.1954,1490362.36,510234.12,494
914,176,0.1961,1499536.29,513720.92,496
915,176,0.1956,1506791.60,515506.82,496
916,178,0.1957,1521169.37,520574.65,500
917,178,0.1952,1527258.77,522864.45,502
918,177,0.1957,1514490.35,519077.97,498
919,177,0.1952,1517826.20,520329.23,499
920,178,0.1942,1520004.72,521001.34,500
921,178,0.1946,1525516.78,522356.48,501
922,178,0.1948,1534544.70,524286.81,501
923,179,0.1946,1543210.55,527515.06,504
924,178,0.1967,1532533.20,523562.87,503
925,176,0.1995,1520485.95,518683.03,501
926,175,0.2022,1509377.22,515000.11,500
927,174,0.2042,1503647.51,511788.69,499
928,173,0.2058,1485089.32,505576.10,497
929,169,0.2072,1469555.96,500131.18,489
930,170,0.2071,1471698.81,500442.86,488
931,169,0.2096,1473806.04,500901.44,491
932,170,0.2091,1473418.03,500956.54,490
933,169,0.2090,1467675.63,498552.65,487
934,168,0.2112,1465945.01,497962.68,488
935,169,0.2109,1475023.76,501269.52,490
936,168,0.2105,1466514.46,498675.11,487
937,169,0.2103,1473616.32,501137.65,489
938,170,0.2100,1483822.85,505063.71,492
939,171,0.2093,1492416.50,507731.05,494
940,171,0.2084,1490232.83,507499.97,494
941,171,0.2090,1494906.60,509469.97,495
942,171,0.2089,1490706.98,508460.92,494
943,170,0.2091,1484433.80,506096.54,491
944,171,0.2072,1481804.26,505765.34,492
945,172,0.2067,1489828.04,508676.08,495
946,174,0.2063,1504629.29,513902.75,499
947,174,0.2067,1510557.13,516147.38,500
948,174,0.2066,1518334.37,518847.98,501
949,174,0.2086,1510592.22,515511.24,501
950,174,0.2084,1516317.90,516569.23,501
951,174,0.2086,1527302.07,520347.04,504
952,174,0.2089,1526154.34,519835.16,503
953,174,0.2090,1526432.91,521002.00,504
954,174,0.2095,1533898.49,523391.28,505
955,175,0.2089,1540496.55,524643.63,506
956,176,0.2091,1549157.45,527325.55,508
957,174,0.2093,1541580.60,525000.55,504
958,174,0.2090,1540692.20,524521.81,503
959,175,0.2022,1506420.84,514893.76,499
960,175,0.2015,1509043.26,515980.10,500
961,175,0.2013,1501307.34,513732.79,498
962,175,0.2012,1510976.07,517262.33,501
963,175,0.2008,1502778.71,514206.52,498
964,174,0.2014,1505326.58,515045.09,497
965,174,0.2019,1512140.17,517557.24,498
966,173,0.2038,1502458.55,513754.56,497
967,173,0.2047,1507536.37,515210.13,497
968,174,0.2043,1516069.64,517276.64,498
969,175,0.2041,1528539.83,521370.96,502
970,174,0.2048,1533308.91,522878.87,502
971,175,0.2049,1544566.06,526212.24,504
972,175,0.2055,1544297.36,526437.69,503
973,174,0.2058,1547249.34,526829.99,502
974,172,0.2070,1516998.66,517447.33,497
975,173,0.2069,1527118.80,520716.05,499
976,172,0.2067,1531396.82,521642.92,497
977,173,0.2064,1538331.24,523653.71,498
978,174,0.2051,1541643.52,525129.89,500
979,174,0.2071,1539648.29,524563.97,503
980,173,0.2070,1537431.41,523267.38,500
981,172,0.2057,1528729.22,520006.11,496
982,173,0.2043,1529018.84,520243.64,497
983,174,0.2040,1531907.65,521762.80,499
984,172,0.2058,1511445.52,514856.50,495
985,170,0.2085,1495616.93,510033.05,493
986,169,0.2104,1478087.70,503434.30,490
987,168,0.2106,1482821.00,505204.16,489
988,169,0.2101,1489491.77,507085.71,490
989,169,0.2100,1495817.69,509419.20,491
990,170,0.2092,1500039.83,510699.37,492
991,171,0.2091,1513450.77,515312.36,495
992,171,0.2085,1516038.00,516591.43,496
993,171,0.2064,1493685.69,509886.79,491
994,171,0.2038,1479030.72,505586.01,488
995,172,0.2037,1489700.03,509102.07,491
996,171,0.2055,1478412.34,504932.22,491
997,171,0.2080,1479642.13,505392.44,494
998,171,0.2066,1470901.33,502740.66,492
999,173,0.2063,1487239.14,508528.56,497
1000,173,0.2045,1480330.57,506165.73,494